{
  "project_info": {
    "project_number": "966025394956",
    "project_id": "bangkit-capstone-fdcfe",
    "storage_bucket": "bangkit-capstone-fdcfe.appspot.com"
  },
  "client": [
    {
      "client_info": {
        "mobilesdk_app_id": "1:966025394956:android:d31f23303bf01b0faee729",
        "android_client_info": {
          "package_name": "id.bagas.temanbicara"
        }
      },
      "oauth_client": [
        {
          "client_id": "966025394956-uesavecpf06eivf7cislmgihcgh9lqdh.apps.googleusercontent.com",
          "client_type": 1,
          "android_info": {
            "package_name": "id.bagas.temanbicara",
            "certificate_hash": "43a5e62e2dd807514263ed05a06d2ed17c31c5c2"
          }
        },
        {
          "client_id": "966025394956-fh5rrbsfjic69hov9d4cd5aifoad6090.apps.googleusercontent.com",
          "client_type": 3
        }
      ],
      "api_key": [
        {
          "current_key": "AIzaSyC-cJ3fsqcwg3FJSre3iBg-0HrUnEf3pMY"
        }
      ],
      "services": {
        "appinvite_service": {
          "other_platform_oauth_client": [
            {
              "client_id": "966025394956-fh5rrbsfjic69hov9d4cd5aifoad6090.apps.googleusercontent.com",
              "client_type": 3
            }
          ]
        }
      }
    }
  ],
  "configuration_version": "1"
}