{
  "project_info": {
    "project_number": "113422621412",
    "firebase_url": "https://my-firebase-chat-5808b-default-rtdb.firebaseio.com",
    "project_id": "my-firebase-chat-5808b",
    "storage_bucket": "my-firebase-chat-5808b.appspot.com"
  },
  "client": [
    {
      "client_info": {
        "mobilesdk_app_id": "1:113422621412:android:5041bcea32a7b405c62af1",
        "android_client_info": {
          "package_name": "com.example.temanbicara"
        }
      },
      "oauth_client": [
        {
          "client_id": "113422621412-hfffn760gj87pbsi9mjkkodj1fg0kl0e.apps.googleusercontent.com",
          "client_type": 1,
          "android_info": {
            "package_name": "com.example.temanbicara",
            "certificate_hash": "bd04f4e710065dbe2042daa83d3f47a7004c5d43"
          }
        },
        {
          "client_id": "113422621412-jhur7c3pmvtmsli0ftf1nt4mc7l48qhc.apps.googleusercontent.com",
          "client_type": 1,
          "android_info": {
            "package_name": "com.example.temanbicara",
            "certificate_hash": "e6ca55c14f29bef3e75df371b598f0f0cc9b54b6"
          }
        },
        {
          "client_id": "113422621412-3a5g6coouvmhnv4g0uvtqt674nadgg73.apps.googleusercontent.com",
          "client_type": 3
        }
      ],
      "api_key": [
        {
          "current_key": "AIzaSyAzNpVPf_REzBQUV7nXmn2YyZy8HRft4hs"
        }
      ],
      "services": {
        "appinvite_service": {
          "other_platform_oauth_client": [
            {
              "client_id": "113422621412-3a5g6coouvmhnv4g0uvtqt674nadgg73.apps.googleusercontent.com",
              "client_type": 3
            }
          ]
        }
      }
    }
  ],
  "configuration_version": "1"
}